{"cameraMode":{"drawMode":0,"name":"Shaded","section":"Shading Mode"},"sceneLighting":false,"audioPlay":false,"sceneViewState":{"m_AlwaysRefresh":false,"showFog":true,"showSkybox":true,"showFlares":true,"showImageEffects":true,"showParticleSystems":true,"showVisualEffectGraphs":true,"m_FxEnabled":true},"in2DMode":false,"pivot":{"x":435.00860595703127,"y":296.3395080566406,"z":248.99160766601563},"rotation":{"x":-0.23087747395038606,"y":0.36311134696006777,"z":0.09337404370307923,"w":0.8978556394577026},"size":275.3837585449219,"orthographic":false}