{"cameraMode":{"drawMode":0,"name":"Shaded","section":"Shading Mode"},"sceneLighting":false,"audioPlay":false,"sceneViewState":{"m_AlwaysRefresh":false,"showFog":true,"showSkybox":true,"showFlares":true,"showImageEffects":true,"showParticleSystems":true,"showVisualEffectGraphs":true,"m_FxEnabled":true},"in2DMode":false,"pivot":{"x":31.571121215820314,"y":16.52400016784668,"z":-65.83678436279297},"rotation":{"x":-0.2064489871263504,"y":-0.14984774589538575,"z":0.03178529068827629,"w":-0.9669837951660156},"size":0.053741343319416049,"orthographic":false}