{"cameraMode":{"drawMode":0,"name":"Shaded","section":"Shading Mode"},"sceneLighting":false,"audioPlay":false,"sceneViewState":{"m_AlwaysRefresh":false,"showFog":true,"showSkybox":true,"showFlares":true,"showImageEffects":true,"showParticleSystems":true,"showVisualEffectGraphs":true,"m_FxEnabled":true},"in2DMode":false,"pivot":{"x":48.35892868041992,"y":14.430655479431153,"z":-4.095607757568359},"rotation":{"x":0.1993768960237503,"y":-0.7956289052963257,"z":0.34997662901878359,"w":0.45371899008750918},"size":0.053741343319416049,"orthographic":false}