{"_sensX":10.0,"_sensY":10.0,"_R":0.8707190752029419,"_G":0.3893798291683197,"_B":0.475473016500473,"_alpha":0.0,"_CrossHire":0,"_quality":2,"_volume":0.20936676859855653,"_brightness":0.5296125411987305,"_fullscreen":false,"_invertMode":false}