{"_sensX":15.0,"_sensY":15.0,"_R":0.16109474003314973,"_G":0.5389620661735535,"_B":1.0,"_alpha":0.0,"_CrossHire":4,"_quality":0,"_volume":1.0,"_brightness":0.5296125411987305,"_fullscreen":false,"_invertMode":false}