{"cameraMode":{"drawMode":0,"name":"Shaded","section":"Shading Mode"},"sceneLighting":false,"audioPlay":false,"sceneViewState":{"m_AlwaysRefresh":false,"showFog":true,"showSkybox":false,"showFlares":true,"showImageEffects":true,"showParticleSystems":true,"showVisualEffectGraphs":true,"m_FxEnabled":true},"in2DMode":false,"pivot":{"x":1.1290550231933594,"y":1.7101218700408936,"z":1.8421512842178345},"rotation":{"x":0.09581734985113144,"y":-0.8891637325286865,"z":0.21788430213928224,"w":0.39100688695907595},"size":0.36555016040802,"orthographic":false}